{"stats":{"minecraft:used":{"minecraft:netherite_sword":179,"minecraft:trident":757,"minecraft:pufferfish_spawn_egg":50,"minecraft:light_gray_stained_glass_pane":12,"minecraft:flint_and_steel":6,"minecraft:carved_pumpkin":1,"minecraft:armor_stand":1165,"minecraft:polished_blackstone":6,"minecraft:oak_sign":1,"minecraft:silverfish_spawn_egg":68,"minecraft:stone":62,"minecraft:zombie_spawn_egg":493,"minecraft:wither_skeleton_spawn_egg":23,"minecraft:vex_spawn_egg":41,"minecraft:debug_stick":12,"minecraft:structure_block":7,"minecraft:bee_spawn_egg":8,"minecraft:torch":5,"minecraft:anvil":9,"minecraft:stray_spawn_egg":25,"minecraft:skeleton_spawn_egg":75,"minecraft:cobblestone_wall":4,"minecraft:acacia_button":103,"minecraft:shulker_box":4,"minecraft:snowball":1307,"minecraft:milk_bucket":4,"minecraft:honey_bottle":36,"minecraft:ravager_spawn_egg":308,"minecraft:villager_spawn_egg":17,"minecraft:iron_block":4,"minecraft:lantern":5,"minecraft:panda_spawn_egg":1,"minecraft:quartz_block":446,"minecraft:spawner":12,"minecraft:chicken_spawn_egg":118,"minecraft:smooth_quartz":6,"minecraft:piglin_brute_spawn_egg":33,"minecraft:totem_of_undying":15,"minecraft:dolphin_spawn_egg":56,"minecraft:blaze_spawn_egg":111,"minecraft:glowstone":68,"minecraft:bedrock":138,"minecraft:item_frame":2,"minecraft:magma_cube_spawn_egg":83,"minecraft:bow":279,"minecraft:emerald_block":19,"minecraft:guardian_spawn_egg":77,"minecraft:egg":223,"minecraft:trapped_chest":1,"minecraft:stone_pressure_plate":11,"minecraft:cooked_beef":3,"minecraft:zombified_piglin_spawn_egg":20,"minecraft:observer":8,"minecraft:enchanted_golden_apple":13,"minecraft:spider_spawn_egg":21,"minecraft:water_bucket":2,"minecraft:red_stained_glass":74,"minecraft:elder_guardian_spawn_egg":1,"minecraft:powered_rail":16,"minecraft:polished_andesite":5,"minecraft:lime_wool":19,"minecraft:ender_pearl":43,"minecraft:redstone_block":139,"minecraft:structure_void":8,"minecraft:beacon":19,"minecraft:vindicator_spawn_egg":7,"minecraft:white_wool":2,"minecraft:golden_apple":23,"minecraft:phantom_spawn_egg":85,"minecraft:crossbow":456,"minecraft:cave_spider_spawn_egg":24,"minecraft:shulker_spawn_egg":835,"minecraft:lingering_potion":1852,"minecraft:creeper_spawn_egg":1091,"minecraft:netherite_block":1,"minecraft:enderman_spawn_egg":56,"minecraft:lever":14,"minecraft:hoglin_spawn_egg":17,"minecraft:ghast_spawn_egg":107,"minecraft:firework_rocket":8,"minecraft:command_block":16,"minecraft:zombie_head":1,"minecraft:barrier":28,"minecraft:oak_button":1,"minecraft:stone_button":13,"minecraft:pig_spawn_egg":1,"minecraft:netherite_axe":250,"minecraft:tnt_minecart":499,"minecraft:detector_rail":3,"minecraft:evoker_spawn_egg":233,"minecraft:fishing_rod":25,"minecraft:potion":3,"minecraft:end_crystal":121,"minecraft:birch_log":34,"minecraft:andesite":13,"minecraft:piglin_spawn_egg":32,"minecraft:glass_pane":1,"minecraft:polished_blackstone_button":2,"minecraft:air":91,"minecraft:husk_spawn_egg":1292,"minecraft:splash_potion":1439,"minecraft:pillager_spawn_egg":48,"minecraft:experience_bottle":277},"minecraft:broken":{"minecraft:trident":16,"minecraft:crossbow":91},"minecraft:mined":{"minecraft:stone_button":1,"minecraft:fire":23},"minecraft:killed_by":{"minecraft:ghast":3,"minecraft:husk":6,"minecraft:evoker":1,"minecraft:player":25,"minecraft:wolf":12,"minecraft:zombified_piglin":8,"minecraft:piglin_brute":1,"minecraft:stray":4,"minecraft:creeper":45,"minecraft:polar_bear":1,"minecraft:spider":1,"minecraft:pillager":1,"minecraft:enderman":1,"minecraft:iron_golem":24,"minecraft:ravager":15,"minecraft:drowned":1,"minecraft:magma_cube":3,"minecraft:zoglin":1,"minecraft:ender_dragon":3,"minecraft:vindicator":1,"minecraft:panda":7,"minecraft:shulker":11,"minecraft:dolphin":2,"minecraft:cave_spider":2,"minecraft:hoglin":1,"minecraft:rabbit":40,"minecraft:skeleton":14,"minecraft:guardian":3,"minecraft:blaze":4,"minecraft:phantom":6,"minecraft:witch":4,"minecraft:zombie":13,"minecraft:wither":4,"minecraft:elder_guardian":14,"minecraft:vex":24,"minecraft:illusioner":7},"minecraft:dropped":{"minecraft:shulker_spawn_egg":1,"minecraft:lapis_lazuli":1032,"minecraft:diamond":2,"minecraft:glass_bottle":1,"minecraft:netherite_helmet":4,"minecraft:crossbow":18,"minecraft:barrier":774,"minecraft:music_disc_pigstep":1,"minecraft:bedrock":2,"minecraft:dragon_breath":1,"minecraft:leather_helmet":4,"minecraft:structure_void":7,"minecraft:milk_bucket":1,"minecraft:nether_gold_ore":1,"minecraft:snowball":9,"minecraft:zombie_head":1,"minecraft:wither_rose":4,"minecraft:white_wool":53,"minecraft:lapis_block":1,"minecraft:end_crystal":3,"minecraft:armor_stand":33,"minecraft:bone":1,"minecraft:zombie_spawn_egg":1,"minecraft:experience_bottle":2367,"minecraft:enchanted_golden_apple":1,"minecraft:dolphin_spawn_egg":1,"minecraft:honey_bottle":16,"minecraft:totem_of_undying":5,"minecraft:poppy":2,"minecraft:leather_chestplate":8,"minecraft:trident":7,"minecraft:netherite_block":65,"minecraft:lingering_potion":4,"minecraft:glowstone":2394,"minecraft:leather_boots":2,"minecraft:wooden_shovel":3,"minecraft:leather_leggings":5,"minecraft:splash_potion":1,"minecraft:firework_rocket":182},"minecraft:custom":{"minecraft:mob_kills":2387,"minecraft:interact_with_anvil":6,"minecraft:open_shulker_box":1,"minecraft:leave_game":72,"minecraft:time_since_death":20,"minecraft:damage_resisted":6809,"minecraft:sprint_one_cm":1819983,"minecraft:walk_one_cm":1786959,"minecraft:drop":502,"minecraft:sneak_time":35867,"minecraft:deaths":670,"minecraft:jump":10213,"minecraft:walk_on_water_one_cm":2397,"minecraft:play_one_minute":1219792,"minecraft:time_since_rest":42,"minecraft:damage_taken":2147483647,"minecraft:damage_absorbed":2917,"minecraft:trigger_trapped_chest":2,"minecraft:damage_dealt":77018,"minecraft:interact_with_beacon":3,"minecraft:fly_one_cm":8714403,"minecraft:crouch_one_cm":49051,"minecraft:fall_one_cm":502476},"minecraft:killed":{"minecraft:evoker":14,"minecraft:vex":8,"minecraft:cave_spider":1,"minecraft:vindicator":6,"minecraft:spider":3,"minecraft:dolphin":1,"minecraft:slime":63,"minecraft:zombie_horse":1,"minecraft:wither":4,"minecraft:shulker":128,"minecraft:skeleton":53,"minecraft:chicken":78,"minecraft:llama":1,"minecraft:silverfish":5,"minecraft:drowned":5,"minecraft:illusioner":1,"minecraft:snow_golem":1,"minecraft:wolf":23,"minecraft:magma_cube":107,"minecraft:piglin":1,"minecraft:husk":29,"minecraft:rabbit":126,"minecraft:iron_golem":5,"minecraft:ender_dragon":1,"minecraft:ravager":102,"minecraft:creeper":558,"minecraft:pillager":32,"minecraft:zombie":268,"minecraft:stray":25,"minecraft:ghast":14,"minecraft:wither_skeleton":15,"minecraft:blaze":1},"minecraft:picked_up":{"minecraft:lingering_potion":52,"minecraft:fishing_rod":5,"minecraft:dolphin_spawn_egg":1,"minecraft:redstone_block":4,"minecraft:splash_potion":98,"minecraft:anvil":9,"minecraft:structure_block":1,"minecraft:bee_spawn_egg":1,"minecraft:piglin_brute_spawn_egg":6,"minecraft:potion":1,"minecraft:wither_rose":40,"minecraft:enchanted_book":2,"minecraft:acacia_button":1,"minecraft:piglin_spawn_egg":3,"minecraft:spider_spawn_egg":65,"minecraft:magma_cube_spawn_egg":64,"minecraft:dragon_breath":1,"minecraft:lapis_block":1,"minecraft:flint_and_steel":6,"minecraft:item_frame":2,"minecraft:armor_stand":894,"minecraft:vex_spawn_egg":1,"minecraft:experience_bottle":95,"minecraft:netherite_sword":5,"minecraft:enchanted_golden_apple":2,"minecraft:observer":2,"minecraft:wooden_shovel":3,"minecraft:poppy":2,"minecraft:smooth_quartz":2,"minecraft:egg":2,"minecraft:tipped_arrow":2098,"minecraft:hoglin_spawn_egg":7,"minecraft:stone":2,"minecraft:torch":2,"minecraft:pufferfish_spawn_egg":1,"minecraft:stone_button":3,"minecraft:shulker_spawn_egg":4,"minecraft:trident":17,"minecraft:end_crystal":106,"minecraft:zombie_spawn_egg":8,"minecraft:quartz_block":24,"minecraft:arrow":1,"minecraft:command_block":10,"minecraft:honey_bottle":570,"minecraft:guardian_spawn_egg":3,"minecraft:glowstone":6728,"minecraft:totem_of_undying":9,"minecraft:ravager_spawn_egg":324,"minecraft:snowball":37,"minecraft:white_wool":95,"minecraft:elder_guardian_spawn_egg":1,"minecraft:cave_spider_spawn_egg":64,"minecraft:barrier":743,"minecraft:water_bucket":1,"minecraft:andesite":5,"minecraft:bedrock":7,"minecraft:cobblestone_wall":2,"minecraft:lapis_lazuli":591,"minecraft:dirt":1,"minecraft:bow":1,"minecraft:creeper_spawn_egg":15,"minecraft:netherite_axe":10,"minecraft:glass_bottle":11,"minecraft:vindicator_spawn_egg":8,"minecraft:debug_stick":2,"minecraft:milk_bucket":2,"minecraft:emerald_block":2,"minecraft:enderman_spawn_egg":2,"minecraft:wither_skeleton_spawn_egg":3,"minecraft:evoker_spawn_egg":8,"minecraft:firework_rocket":434,"minecraft:red_stained_glass":3,"minecraft:husk_spawn_egg":202,"minecraft:diamond":3,"minecraft:lever":6,"minecraft:crossbow":67,"minecraft:golden_apple":1214,"minecraft:ender_pearl":36}},"DataVersion":2586}